nama_fasilitas,kategori,x_longitude,y_latitude,jangkauan1_meter,jangkauan2_meter,jangkauan3_meter
SDN Pelem 2,sekolah,111.4516928,-7.393083191,300,600,1000
SDN Karangtengah 1 Ngawi,sekolah, 111.44226633320717, -7.397732523861308,300,600,1000
Pasar Besar Ngawi,Pasar,111.44791197284277, -7.3943663164840805,300,600,1000
